Client Name:,Bushy Tails,Job Number:,DUMMY-2026-0005-01,,,,,,,,,,,,,,,
Site Name:,Bristol,Report From:,,To:,,,,,,,,,,,,,,
Data Files:,"2025-DESNZ-Conversion-Factors-Activity 2025, 2025-DESNZ-Conversion-Factors-Activity 2025, 2022-DEFRA-Conversion-Factors-Spend 2022",,,,,,,,,,,,,,,,,
Scope,Category,Report Label,ID,UOM, [Mth1] , [Mth2] , [Mth3] , [Mth4] , [Mth5] , [Mth6] , [Mth7] , [Mth8] , [Mth9] , [Mth10] , [Mth11] , [Mth12] , Qty ,Notes
Scope 1,Fuels,Natural Gas Grid,1_100_1004_6_1,kWh,,,,,,,,,,,,, -   ,
Scope 1,Fuels,Biogas Grid,2_105_1047_5_1,kWh,,,,,,,,,,,,, -   ,
Scope 1,Company Vehicles,Cars Small car Diesel,4_301_3045_9_1,miles,,,,,,,,,,,,, -   ,
Scope 1,Company Vehicles,Cars Small car Petrol,4_301_3046_9_1,miles,,,,,,,,,,,,, -   ,
Scope 1,Company Vehicles,Cars Small car Hybrid,4_301_3047_9_1,miles,,,,,,,,,,,,, -   ,
Scope 1,Company Vehicles,Cars Small car Unknown,4_301_3050_9_1,miles,,,,,,,,,,,,, -   ,
Scope 1,Company Vehicles,Cars Small car Plug-in Hybrid Electric Vehicle,4_301_3051_9_1,miles,,,,,,,,,,,,, -   ,
Scope 1,Company Vehicles,Cars Small car Battery Electric Vehicle,4_301_3052_9_1,miles,,,,,,,,,,,,, -   ,
Scope 1,Company Vehicles,Cars Medium car Diesel,4_301_3053_9_1,miles,,,,,,,,,,,,, -   ,
Scope 1,Company Vehicles,Cars Medium car Petrol,4_301_3054_9_1,miles,,,,,,,,,,,,, -   ,
Scope 1,Company Vehicles,Cars Medium car Hybrid,4_301_3055_9_1,miles,,,,,,,,,,,,, -   ,
Scope 1,Company Vehicles,Cars Medium car Unknown,4_301_3058_9_1,miles,,,,,,,,,,,,, -   ,
Scope 1,Company Vehicles,Cars Medium car Plug-in Hybrid Electric Vehicle,4_301_3059_9_1,miles,,,,,,,,,,,,, -   ,
Scope 1,Company Vehicles,Cars Medium car Battery Electric Vehicle,4_301_3060_9_1,miles,,,,,,,,,,,,, -   ,
Scope 1,Company Vehicles,Cars Large car Diesel,4_301_3061_9_1,miles,,,,,,,,,,,,, -   ,
Scope 1,Company Vehicles,Cars Large car Petrol,4_301_3062_9_1,miles,,,,,,,,,,,,, -   ,
Scope 1,Company Vehicles,Cars Large car Hybrid,4_301_3063_9_1,miles,,,,,,,,,,,,, -   ,
Scope 1,Company Vehicles,Cars Large car Unknown,4_301_3066_9_1,miles,,,,,,,,,,,,, -   ,
Scope 1,Company Vehicles,Cars Large car Plug-in Hybrid Electric Vehicle,4_301_3067_9_1,miles,,,,,,,,,,,,, -   ,
Scope 1,Company Vehicles,Cars Large car Battery Electric Vehicle,4_301_3068_9_1,miles,,,,,,,,,,,,, -   ,
Scope 1,Company Vehicles,Cars Average car Diesel,4_301_3069_9_1,miles,,,,,,,,,,,,, -   ,
Scope 1,Company Vehicles,Cars Average car Petrol,4_301_3070_9_1,miles,,,,,,,,,,,,, -   ,
Scope 1,Company Vehicles,Cars Average car Hybrid,4_301_3071_9_1,miles,,,,,,,,,,,,, -   ,
Scope 1,Company Vehicles,Cars Average car Unknown,4_301_3074_9_1,miles,,,,,,,,,,,,, -   ,
Scope 1,Company Vehicles,Cars Average car Plug-in Hybrid Electric Vehicle,4_301_3075_9_1,miles,,,,,,,,,,,,, -   ,
Scope 1,Company Vehicles,Cars Average car Battery Electric Vehicle,4_301_3076_9_1,miles,,,,,,,,,,,,, -   ,
Scope 1,Company Vehicles,Motorbike Small ,4_302_3077_9_1,miles,,,,,,,,,,,,, -   ,
Scope 1,Company Vehicles,Motorbike Medium ,4_302_3078_9_1,miles,,,,,,,,,,,,, -   ,
Scope 1,Company Vehicles,Motorbike Large ,4_302_3079_9_1,miles,,,,,,,,,,,,, -   ,
Scope 1,Company Vehicles,Motorbike Average ,4_302_3080_9_1,miles,,,,,,,,,,,,, -   ,
Scope 1,Company Vehicles,Vans Class I (up to 1.305 tonnes) Diesel,5_303_3081_9_1,miles,,,,,,,,,,,,, -   ,
Scope 1,Company Vehicles,Vans Class I (up to 1.305 tonnes) Petrol,5_303_3082_9_1,miles,,,,,,,,,,,,, -   ,
Scope 1,Company Vehicles,Vans Class I (up to 1.305 tonnes) Battery Electric Vehicle,5_303_3087_9_1,miles,,,,,,,,,,,,, -   ,
Scope 1,Company Vehicles,Vans Class II (1.305 to 1.74 tonnes) Diesel,5_303_3088_9_1,miles,,,,,,,,,,,,, -   ,
Scope 1,Company Vehicles,Vans Class II (1.305 to 1.74 tonnes) Petrol,5_303_3089_9_1,miles,,,,,,,,,,,,, -   ,
Scope 1,Company Vehicles,Vans Class II (1.305 to 1.74 tonnes) Battery Electric Vehicle,5_303_3094_9_1,miles,,,,,,,,,,,,, -   ,
Scope 1,Company Vehicles,Vans Class III (1.74 to 3.5 tonnes) Diesel,5_303_3095_9_1,miles,,,,,,,,,,,,, -   ,
Scope 1,Company Vehicles,Vans Class III (1.74 to 3.5 tonnes) Petrol,5_303_3096_9_1,miles,,,,,,,,,,,,, -   ,
Scope 1,Company Vehicles,Vans Class III (1.74 to 3.5 tonnes) Plug-in Hybrid Electric Vehicle,5_303_3100_9_1,miles,,,,,,,,,,,,, -   ,
Scope 1,Company Vehicles,Vans Class III (1.74 to 3.5 tonnes) Battery Electric Vehicle,5_303_3101_9_1,miles,,,,,,,,,,,,, -   ,
Scope 1,Company Vehicles,Vans Average (up to 3.5 tonnes) Diesel,5_303_3102_9_1,miles,,,,,,,,,,,,, -   ,
Scope 1,Company Vehicles,Vans Average (up to 3.5 tonnes) Petrol,5_303_3103_9_1,miles,,,,,,,,,,,,, -   ,
Scope 1,Company Vehicles,Vans Average (up to 3.5 tonnes) Unknown,5_303_3106_9_1,miles,,,,,,,,,,,,, -   ,
Scope 1,Company Vehicles,Vans Average (up to 3.5 tonnes) Plug-in Hybrid Electric Vehicle,5_303_3107_9_1,miles,,,,,,,,,,,,, -   ,
Scope 1,Company Vehicles,Vans Average (up to 3.5 tonnes) Battery Electric Vehicle,5_303_3108_9_1,miles,,,,,,,,,,,,, -   ,
Scope 1,Company Vehicles,HGV (all diesel) Rigid (>3.5 - 7.5 tonnes) Average laden,5_304_3112_9_1,miles,,,,,,,,,,,,, -   ,
Scope 1,Company Vehicles,HGV (all diesel) Rigid (>7.5 tonnes-17 tonnes) Average laden,5_304_3116_9_1,miles,,,,,,,,,,,,, -   ,
Scope 1,Company Vehicles,HGV (all diesel) Rigid (>17 tonnes) Average laden,5_304_3120_9_1,miles,,,,,,,,,,,,, -   ,
Scope 1,Company Vehicles,HGV (all diesel) All rigids Average laden,5_304_3124_9_1,miles,,,,,,,,,,,,, -   ,
Scope 1,Company Vehicles,HGV (all diesel) Articulated (>3.5 - 33t) Average laden,5_304_3128_9_1,miles,,,,,,,,,,,,, -   ,
Scope 1,Company Vehicles,HGV (all diesel) Articulated (>33t) Average laden,5_304_3132_9_1,miles,,,,,,,,,,,,, -   ,
Scope 1,Company Vehicles,HGV (all diesel) All artics Average laden,5_304_3136_9_1,miles,,,,,,,,,,,,, -   ,
Scope 1,Company Vehicles,HGV (all diesel) All HGVs Average laden,5_304_3140_9_1,miles,,,,,,,,,,,,, -   ,
Scope 1,Company Vehicles,HGVs refrigerated (all diesel) Rigid (>3.5 - 7.5 tonnes) Average laden,5_305_3112_9_1,miles,,,,,,,,,,,,, -   ,
Scope 1,Company Vehicles,HGVs refrigerated (all diesel) Rigid (>7.5 tonnes-17 tonnes) Average laden,5_305_3116_9_1,miles,,,,,,,,,,,,, -   ,
Scope 1,Company Vehicles,HGVs refrigerated (all diesel) Rigid (>17 tonnes) Average laden,5_305_3120_9_1,miles,,,,,,,,,,,,, -   ,
Scope 1,Company Vehicles,HGVs refrigerated (all diesel) All rigids Average laden,5_305_3124_9_1,miles,,,,,,,,,,,,, -   ,
Scope 1,Company Vehicles,HGVs refrigerated (all diesel) Articulated (>3.5 - 33t) Average laden,5_305_3128_9_1,miles,,,,,,,,,,,,, -   ,
Scope 1,Company Vehicles,HGVs refrigerated (all diesel) Articulated (>33t) Average laden,5_305_3132_9_1,miles,,,,,,,,,,,,, -   ,
Scope 1,Company Vehicles,HGVs refrigerated (all diesel) All artics Average laden,5_305_3136_9_1,miles,,,,,,,,,,,,, -   ,
Scope 1,Company Vehicles,HGVs refrigerated (all diesel) All HGVs Average laden,5_305_3140_9_1,miles,,,,,,,,,,,,, -   ,
Scope 2,Electricity,Electricity Grid  ,7_400_4000_5_1,kWh,,,,,,,,,,,,, -   ,
Scope 2,Green Electricity,Green Electricity Grid  ,Not-Defined1,kWh,,,,,,,,,,,,, -   ,
Scope 2,Green Electricity,Green Electricity Solar Grid ,Not-Defined2,kWh,,,,,,,,,,,,, -   ,
Scope 2,Green Electricity,Green Electricity Wind Grid ,Not-Defined3,kWh,,,,,,,,,,,,, -   ,
Scope 3,Purchased Goods & Services,Water supply,17_404_4005_1_1,m3,,,,,,,,,,,,, -   ,
Scope 3,Purchased Goods & Services,Products of agriculture,SPEND-SIC-2022-01,GBP,,,,,,,,,,,,, -   ,
Scope 3,Purchased Goods & Services,Products of forestry,SPEND-SIC-2022-02,GBP,,,,,,,,,,,,, -   ,
Scope 3,Purchased Goods & Services,Fishing products and services ,SPEND-SIC-2022-03,GBP,,,,,,,,,,,,, -   ,
Scope 3,Purchased Goods & Services,Coal and lignite,SPEND-SIC-2022-05,GBP,,,,,,,,,,,,, -   ,
Scope 3,Purchased Goods & Services,Crude petroleum and natural gas           ,SPEND-SIC-2022-06,GBP,,,,,,,,,,,,, -   ,
Scope 3,Purchased Goods & Services,Other mining and quarrying products           ,SPEND-SIC-2022-08,GBP,,,,,,,,,,,,, -   ,
Scope 3,Purchased Goods & Services,Mining support services             ,SPEND-SIC-2022-09,GBP,,,,,,,,,,,,, -   ,
Scope 3,Purchased Goods & Services,Preserved meat products           ,SPEND-SIC-2022-10.1,GBP,,,,,,,,,,,,, -   ,
Scope 3,Purchased Goods & Services,"Processed seafood, fruit and vegetables       ",SPEND-SIC-2022-10.2 -3,GBP,,,,,,,,,,,,, -   ,
Scope 3,Purchased Goods & Services,Vegetable and animal oils and fats          ,SPEND-SIC-2022-10.4,GBP,,,,,,,,,,,,, -   ,
Scope 3,Purchased Goods & Services,Dairy products              ,SPEND-SIC-2022-10.5,GBP,,,,,,,,,,,,, -   ,
Scope 3,Purchased Goods & Services,Grain mill and starch products,SPEND-SIC-2022-10.6,GBP,,,,,,,,,,,,, -   ,
Scope 3,Purchased Goods & Services,Bakery products            ,SPEND-SIC-2022-10.7,GBP,,,,,,,,,,,,, -   ,
Scope 3,Purchased Goods & Services,Other food products             ,SPEND-SIC-2022-10.8,GBP,,,,,,,,,,,,, -   ,
Scope 3,Purchased Goods & Services,Prepared animal feeds             ,SPEND-SIC-2022-10.9,GBP,,,,,,,,,,,,, -   ,
Scope 3,Purchased Goods & Services,Alcoholic beverages              ,SPEND-SIC-2022-11.01-6,GBP,,,,,,,,,,,,, -   ,
Scope 3,Purchased Goods & Services,Soft drinks              ,SPEND-SIC-2022-11.07,GBP,,,,,,,,,,,,, -   ,
Scope 3,Purchased Goods & Services,Tobacco products              ,SPEND-SIC-2022-12,GBP,,,,,,,,,,,,, -   ,
Scope 3,Purchased Goods & Services,Textiles               ,SPEND-SIC-2022-13,GBP,,,,,,,,,,,,, -   ,
Scope 3,Purchased Goods & Services,Wearing apparel              ,SPEND-SIC-2022-14,GBP,,,,,,,,,,,,, -   ,
Scope 3,Purchased Goods & Services,Leather and related products            ,SPEND-SIC-2022-15,GBP,,,,,,,,,,,,, -   ,
Scope 3,Purchased Goods & Services,"Wood, straw and products, except furniture",SPEND-SIC-2022-16,GBP,,,,,,,,,,,,, -   ,
Scope 3,Purchased Goods & Services,Paper and paper products            ,SPEND-SIC-2022-17,GBP,,,,,,,,,,,,, -   ,
Scope 3,Purchased Goods & Services,Printing and recording services            ,SPEND-SIC-2022-18,GBP,,,,,,,,,,,,, -   ,
Scope 3,Purchased Goods & Services,Coke and refined petroleum products           ,SPEND-SIC-2022-19,GBP,,,,,,,,,,,,, -   ,
Scope 3,Purchased Goods & Services,"Paints, varnishes and similar coatings, printing ink and mastics       ",SPEND-SIC-2022-20.3,GBP,,,,,,,,,,,,, -   ,
Scope 3,Purchased Goods & Services,Cleaning and polishing preparations,SPEND-SIC-2022-20.4,GBP,,,,,,,,,,,,, -   ,
Scope 3,Purchased Goods & Services,Other chemical products             ,SPEND-SIC-2022-20.5,GBP,,,,,,,,,,,,, -   ,
Scope 3,Purchased Goods & Services,Industrial gases,SPEND-SIC-2022-20A,GBP,,,,,,,,,,,,, -   ,
Scope 3,Purchased Goods & Services,Petrochemicals,SPEND-SIC-2022-20B,GBP,,,,,,,,,,,,, -   ,
Scope 3,Purchased Goods & Services,Dyestuffs abd agro-chemicals,SPEND-SIC-2022-20C,GBP,,,,,,,,,,,,, -   ,
Scope 3,Purchased Goods & Services,Basic pharmaceutical products,SPEND-SIC-2022-21,GBP,,,,,,,,,,,,, -   ,
Scope 3,Purchased Goods & Services,Rubber and plastic products            ,SPEND-SIC-2022-22,GBP,,,,,,,,,,,,, -   ,
Scope 3,Purchased Goods & Services,"Cement, lime, plaster and concrete    ",SPEND-SIC-2022-23.5-6,GBP,,,,,,,,,,,,, -   ,
Scope 3,Purchased Goods & Services,"Glass, refractory, clay and porcelain products",SPEND-SIC-2022-23OTHER,GBP,,,,,,,,,,,,, -   ,
Scope 3,Purchased Goods & Services,Basic iron and steel            ,SPEND-SIC-2022-24.1-3,GBP,,,,,,,,,,,,, -   ,
Scope 3,Purchased Goods & Services,Other basic metals and casting           ,SPEND-SIC-2022-24.4-5,GBP,,,,,,,,,,,,, -   ,
Scope 3,Purchased Goods & Services,Weapons and ammunition             ,SPEND-SIC-2022-25.4,GBP,,,,,,,,,,,,, -   ,
Scope 3,Purchased Goods & Services,Other manufactured goods             ,SPEND-SIC-2022-32,GBP,,,,,,,,,,,,, -   ,
Scope 3,Purchased Goods & Services,Repair and maintenance of ships and boats         ,SPEND-SIC-2022-33.15,GBP,,,,,,,,,,,,, -   ,
Scope 3,Purchased Goods & Services,Repair and maintenance of aircraft and spacecraft         ,SPEND-SIC-2022-33.16,GBP,,,,,,,,,,,,, -   ,
Scope 3,Purchased Goods & Services,Rest of repair and iInstallation,SPEND-SIC-2022-33OTHER,GBP,,,,,,,,,,,,, -   ,
Scope 3,Purchased Goods & Services,"Electricity, transmission and distribution            ",SPEND-SIC-2022-35.1,GBP,,,,,,,,,,,,, -   ,
Scope 3,Purchased Goods & Services,"Gas, distribution of gas through mains, steam and air conditioning supply    ",SPEND-SIC-2022-35.2-3,GBP,,,,,,,,,,,,, -   ,
Scope 3,Purchased Goods & Services,Natural water; water treatment and supply services         ,SPEND-SIC-2022-36,GBP,,,,,,,,,,,,, -   ,
Scope 3,Purchased Goods & Services,Sewerage services; sewage sludge            ,SPEND-SIC-2022-37,GBP,,,,,,,,,,,,, -   ,
Scope 3,Purchased Goods & Services,"Waste collection, treatment and disposal services; materials recovery services       ",SPEND-SIC-2022-38,GBP,,,,,,,,,,,,, -   ,
Scope 3,Purchased Goods & Services,Remediation services and other waste management services         ,SPEND-SIC-2022-39,GBP,,,,,,,,,,,,, -   ,
Scope 3,Purchased Goods & Services,Buildings and building construction works           ,SPEND-SIC-2022-41.2,GBP,,,,,,,,,,,,, -   ,
Scope 3,Purchased Goods & Services,Constructions and construction works for civil engineering         ,SPEND-SIC-2022-42.1-2,GBP,,,,,,,,,,,,, -   ,
Scope 3,Purchased Goods & Services,Specialised construction works             ,SPEND-SIC-2022-42.99,GBP,,,,,,,,,,,,, -   ,
Scope 3,Purchased Goods & Services,Wholesale and retail trade and repair services of motor vehicles and motorcycles    ,SPEND-SIC-2022-45,GBP,,,,,,,,,,,,, -   ,
Scope 3,Purchased Goods & Services,"Wholesale trade services, except of motor vehicles and motorcycles       ",SPEND-SIC-2022-46,GBP,,,,,,,,,,,,, -   ,
Scope 3,Purchased Goods & Services,"Retail trade services, except of motor vehicles and motorcycles       ",SPEND-SIC-2022-47,GBP,,,,,,,,,,,,, -   ,
Scope 3,Purchased Goods & Services,Rail transport services             ,SPEND-SIC-2022-49.1-2,GBP,,,,,,,,,,,,, -   ,
Scope 3,Purchased Goods & Services,Water transport services             ,SPEND-SIC-2022-50,GBP,,,,,,,,,,,,, -   ,
Scope 3,Purchased Goods & Services,Air transport services             ,SPEND-SIC-2022-51,GBP,,,,,,,,,,,,, -   ,
Scope 3,Purchased Goods & Services,Warehousing and support services for transportation          ,SPEND-SIC-2022-52,GBP,,,,,,,,,,,,, -   ,
Scope 3,Purchased Goods & Services,Postal and courier services            ,SPEND-SIC-2022-53,GBP,,,,,,,,,,,,, -   ,
Scope 3,Purchased Goods & Services,Accommodation services              ,SPEND-SIC-2022-55,GBP,,,,,,,,,,,,, -   ,
Scope 3,Purchased Goods & Services,Food and beverage serving services           ,SPEND-SIC-2022-56,GBP,,,,,,,,,,,,, -   ,
Scope 3,Purchased Goods & Services,Publishing services              ,SPEND-SIC-2022-58,GBP,,,,,,,,,,,,, -   ,
Scope 3,Purchased Goods & Services,"Motion picture, video and TV programme production services, sound recording & music publishing   ",SPEND-SIC-2022-59,GBP,,,,,,,,,,,,, -   ,
Scope 3,Purchased Goods & Services,Programming and broadcasting services            ,SPEND-SIC-2022-60,GBP,,,,,,,,,,,,, -   ,
Scope 3,Purchased Goods & Services,Telecommunications services              ,SPEND-SIC-2022-61,GBP,,,,,,,,,,,,, -   ,
Scope 3,Purchased Goods & Services,"Computer programming, consultancy and related services          ",SPEND-SIC-2022-62,GBP,,,,,,,,,,,,, -   ,
Scope 3,Purchased Goods & Services,Information services              ,SPEND-SIC-2022-63,GBP,,,,,,,,,,,,, -   ,
Scope 3,Purchased Goods & Services,"Financial services, except insurance and pension funding         ",SPEND-SIC-2022-64,GBP,,,,,,,,,,,,, -   ,
Scope 3,Purchased Goods & Services,"Insurance, reinsurance and pension funding services, except compulsory social security      ",SPEND-SIC-2022-65.1-2,GBP,,,,,,,,,,,,, -   ,
Scope 3,Purchased Goods & Services,Services auxiliary to financial services and insurance services        ,SPEND-SIC-2022-66,GBP,,,,,,,,,,,,, -   ,
Scope 3,Purchased Goods & Services,"Real estate services, excluding on a fee or contract basis and imputed rent   ",SPEND-SIC-2022-68.12,GBP,,,,,,,,,,,,, -   ,
Scope 3,Purchased Goods & Services,Owner-Occupiers' Housing Services             ,SPEND-SIC-2022-68.2IMP,GBP,,,,,,,,,,,,, -   ,
Scope 3,Purchased Goods & Services,Real estate services on a fee or contract basis       ,SPEND-SIC-2022-68.3,GBP,,,,,,,,,,,,, -   ,
Scope 3,Purchased Goods & Services,Legal services              ,SPEND-SIC-2022-69.1,GBP,,,,,,,,,,,,, -   ,
Scope 3,Purchased Goods & Services,"Accounting, bookkeeping and auditing services; tax consulting services        ",SPEND-SIC-2022-69.2,GBP,,,,,,,,,,,,, -   ,
Scope 3,Purchased Goods & Services,Services of head offices; management consulting services         ,SPEND-SIC-2022-70,GBP,,,,,,,,,,,,, -   ,
Scope 3,Purchased Goods & Services,Architectural and engineering services; technical testing and analysis services       ,SPEND-SIC-2022-71,GBP,,,,,,,,,,,,, -   ,
Scope 3,Purchased Goods & Services,Scientific research and development services           ,SPEND-SIC-2022-72,GBP,,,,,,,,,,,,, -   ,
Scope 3,Purchased Goods & Services,Advertising and market research services           ,SPEND-SIC-2022-73,GBP,,,,,,,,,,,,, -   ,
Scope 3,Purchased Goods & Services,"Other professional, scientific and technical services          ",SPEND-SIC-2022-74,GBP,,,,,,,,,,,,, -   ,
Scope 3,Purchased Goods & Services,Veterinary services              ,SPEND-SIC-2022-75,GBP,,,,,,,,,,,,, -   ,
Scope 3,Purchased Goods & Services,Employment services              ,SPEND-SIC-2022-78,GBP,,,,,,,,,,,,, -   ,
Scope 3,Purchased Goods & Services,"Travel agency, tour operator and other reservation services and related services     ",SPEND-SIC-2022-79,GBP,,,,,,,,,,,,, -   ,
Scope 3,Purchased Goods & Services,Security and investigation services            ,SPEND-SIC-2022-80,GBP,,,,,,,,,,,,, -   ,
Scope 3,Purchased Goods & Services,Services to buildings and landscape           ,SPEND-SIC-2022-81,GBP,,,,,,,,,,,,, -   ,
Scope 3,Purchased Goods & Services,"Office administrative, office support and other business support services       ",SPEND-SIC-2022-82,GBP,,,,,,,,,,,,, -   ,
Scope 3,Purchased Goods & Services,Public administration and defence services; compulsory social security services       ,SPEND-SIC-2022-84,GBP,,,,,,,,,,,,, -   ,
Scope 3,Purchased Goods & Services,Education services              ,SPEND-SIC-2022-85,GBP,,,,,,,,,,,,, -   ,
Scope 3,Purchased Goods & Services,Human health services             ,SPEND-SIC-2022-86,GBP,,,,,,,,,,,,, -   ,
Scope 3,Purchased Goods & Services,Residential care services             ,SPEND-SIC-2022-87,GBP,,,,,,,,,,,,, -   ,
Scope 3,Purchased Goods & Services,Social work services without accommodation           ,SPEND-SIC-2022-88,GBP,,,,,,,,,,,,, -   ,
Scope 3,Purchased Goods & Services,"Creative, arts and entertainment services           ",SPEND-SIC-2022-90,GBP,,,,,,,,,,,,, -   ,
Scope 3,Purchased Goods & Services,"Libraries, archives, museums and other cultural services         ",SPEND-SIC-2022-91,GBP,,,,,,,,,,,,, -   ,
Scope 3,Purchased Goods & Services,Gambling and betting services            ,SPEND-SIC-2022-92,GBP,,,,,,,,,,,,, -   ,
Scope 3,Purchased Goods & Services,Sports services and amusement and recreation services         ,SPEND-SIC-2022-93,GBP,,,,,,,,,,,,, -   ,
Scope 3,Purchased Goods & Services,Services furnished by membership organisations           ,SPEND-SIC-2022-94,GBP,,,,,,,,,,,,, -   ,
Scope 3,Purchased Goods & Services,Repair services of computers and personal and household goods       ,SPEND-SIC-2022-95,GBP,,,,,,,,,,,,, -   ,
Scope 3,Purchased Goods & Services,Other personal services             ,SPEND-SIC-2022-96,GBP,,,,,,,,,,,,, -   ,
Scope 3,Purchased Goods & Services,Services of households as employers of domestic personnel        ,SPEND-SIC-2022-97,GBP,,,,,,,,,,,,, -   ,
Scope 3,Purchased Goods & Services,Bread and cereals         ,SPEND-PROD-2022-1-1-1,GBP,,,,,,,,,,,,, -   ,
Scope 3,Purchased Goods & Services,Meat           ,SPEND-PROD-2022-1-1-2,GBP,,,,,,,,,,,,, -   ,
Scope 3,Purchased Goods & Services,Fish and seafood         ,SPEND-PROD-2022-1-1-3,GBP,,,,,,,,,,,,, -   ,
Scope 3,Purchased Goods & Services,"Milk, cheese and eggs        ",SPEND-PROD-2022-1-1-4,GBP,,,,,,,,,,,,, -   ,
Scope 3,Purchased Goods & Services,Oils and fats         ,SPEND-PROD-2022-1-1-5,GBP,,,,,,,,,,,,, -   ,
Scope 3,Purchased Goods & Services,Fruit           ,SPEND-PROD-2022-1-1-6,GBP,,,,,,,,,,,,, -   ,
Scope 3,Purchased Goods & Services,Vegetables           ,SPEND-PROD-2022-1-1-7,GBP,,,,,,,,,,,,, -   ,
Scope 3,Purchased Goods & Services,"Sugar, jam, honey, chocolate and confectionery      ",SPEND-PROD-2022-1-1-8,GBP,,,,,,,,,,,,, -   ,
Scope 3,Purchased Goods & Services,Food products n.e.c.         ,SPEND-PROD-2022-1-1-9,GBP,,,,,,,,,,,,, -   ,
Scope 3,Purchased Goods & Services,"Coffee, tea and cocoa        ",SPEND-PROD-2022-1-2-1,GBP,,,,,,,,,,,,, -   ,
Scope 3,Purchased Goods & Services,"Mineral waters, soft drinks, fruit and vegetable juices    ",SPEND-PROD-2022-1-2-2,GBP,,,,,,,,,,,,, -   ,
Scope 3,Purchased Goods & Services,Spirits           ,SPEND-PROD-2022-2-1-1,GBP,,,,,,,,,,,,, -   ,
Scope 3,Purchased Goods & Services,Wine           ,SPEND-PROD-2022-2-1-2,GBP,,,,,,,,,,,,, -   ,
Scope 3,Purchased Goods & Services,Beer           ,SPEND-PROD-2022-2-1-3,GBP,,,,,,,,,,,,, -   ,
Scope 3,Purchased Goods & Services,Tobacco           ,SPEND-PROD-2022-2-2-1,GBP,,,,,,,,,,,,, -   ,
Scope 3,Purchased Goods & Services,Clothing materials          ,SPEND-PROD-2022-3-1-1,GBP,,,,,,,,,,,,, -   ,
Scope 3,Purchased Goods & Services,Garments           ,SPEND-PROD-2022-3-1-2,GBP,,,,,,,,,,,,, -   ,
Scope 3,Purchased Goods & Services,Other articles of clothing and clothing accessories     ,SPEND-PROD-2022-3-1-3,GBP,,,,,,,,,,,,, -   ,
Scope 3,Purchased Goods & Services,"Cleaning, repair and hire of clothing      ",SPEND-PROD-2022-3-1-4,GBP,,,,,,,,,,,,, -   ,
Scope 3,Purchased Goods & Services,Shoes and other footwear        ,SPEND-PROD-2022-3-2-1,GBP,,,,,,,,,,,,, -   ,
Scope 3,Purchased Goods & Services,Repair and hire of footwear       ,SPEND-PROD-2022-3-2-2,GBP,,,,,,,,,,,,, -   ,
Scope 3,Purchased Goods & Services,Actual rentals paid by tenants       ,SPEND-PROD-2022-4-1-1,GBP,,,,,,,,,,,,, -   ,
Scope 3,Purchased Goods & Services,Other actual rentals         ,SPEND-PROD-2022-4-1-2,GBP,,,,,,,,,,,,, -   ,
Scope 3,Purchased Goods & Services,Imputed rentals of owner occupiers       ,SPEND-PROD-2022-4-2-1,GBP,,,,,,,,,,,,, -   ,
Scope 3,Purchased Goods & Services,Materials for the mainenance and repair of the dwelling   ,SPEND-PROD-2022-4-3-1,GBP,,,,,,,,,,,,, -   ,
Scope 3,Purchased Goods & Services,Other services for the maintenance and repair of the dwelling  ,SPEND-PROD-2022-4-3-2,GBP,,,,,,,,,,,,, -   ,
Scope 3,Purchased Goods & Services,Water supply          ,SPEND-PROD-2022-4-4-1,GBP,,,,,,,,,,,,, -   ,
Scope 3,Purchased Goods & Services,Refuse collection          ,SPEND-PROD-2022-4-4-2,GBP,,,,,,,,,,,,, -   ,
Scope 3,Purchased Goods & Services,Sewage collection          ,SPEND-PROD-2022-4-4-3,GBP,,,,,,,,,,,,, -   ,
Scope 3,Purchased Goods & Services,Other services relating to the dwelling n.e.c.     ,SPEND-PROD-2022-4-4-4,GBP,,,,,,,,,,,,, -   ,
Scope 3,Purchased Goods & Services,Electricity           ,SPEND-PROD-2022-4-5-1,GBP,,,,,,,,,,,,, -   ,
Scope 3,Purchased Goods & Services,Gas           ,SPEND-PROD-2022-4-5-2,GBP,,,,,,,,,,,,, -   ,
Scope 3,Purchased Goods & Services,Liquid fuels          ,SPEND-PROD-2022-4-5-3,GBP,,,,,,,,,,,,, -   ,
Scope 3,Purchased Goods & Services,Solid fuels          ,SPEND-PROD-2022-4-5-4,GBP,,,,,,,,,,,,, -   ,
Scope 3,Purchased Goods & Services,Heat energy          ,SPEND-PROD-2022-4-5-5,GBP,,,,,,,,,,,,, -   ,
Scope 3,Purchased Goods & Services,Furniture and furnishings         ,SPEND-PROD-2022-5-1-1,GBP,,,,,,,,,,,,, -   ,
Scope 3,Purchased Goods & Services,Carpets and other floor coverings       ,SPEND-PROD-2022-5-1-2,GBP,,,,,,,,,,,,, -   ,
Scope 3,Purchased Goods & Services,"Repair of furniture, furnishings and floor coverings     ",SPEND-PROD-2022-5-1-3,GBP,,,,,,,,,,,,, -   ,
Scope 3,Purchased Goods & Services,Household textiles          ,SPEND-PROD-2022-5-2-1,GBP,,,,,,,,,,,,, -   ,
Scope 3,Purchased Goods & Services,Major household appliances whether electric or not     ,SPEND-PROD-2022-5-3-1,GBP,,,,,,,,,,,,, -   ,
Scope 3,Purchased Goods & Services,Small electric household appliances        ,SPEND-PROD-2022-5-3-2,GBP,,,,,,,,,,,,, -   ,
Scope 3,Purchased Goods & Services,Repair of household applicances        ,SPEND-PROD-2022-5-3-3,GBP,,,,,,,,,,,,, -   ,
Scope 3,Purchased Goods & Services,"Glassware,tableware and household utensils        ",SPEND-PROD-2022-5-4-1,GBP,,,,,,,,,,,,, -   ,
Scope 3,Purchased Goods & Services,Major tools and equipment        ,SPEND-PROD-2022-5-5-1,GBP,,,,,,,,,,,,, -   ,
Scope 3,Purchased Goods & Services,Small tools and miscellaneous accessories       ,SPEND-PROD-2022-5-5-2,GBP,,,,,,,,,,,,, -   ,
Scope 3,Purchased Goods & Services,Non-durable household goods         ,SPEND-PROD-2022-5-6-1,GBP,,,,,,,,,,,,, -   ,
Scope 3,Purchased Goods & Services,Domestic services and household services       ,SPEND-PROD-2022-5-6-2,GBP,,,,,,,,,,,,, -   ,
Scope 3,Purchased Goods & Services,Pharmaceutical products          ,SPEND-PROD-2022-6-1-1,GBP,,,,,,,,,,,,, -   ,
Scope 3,Purchased Goods & Services,Other medical products         ,SPEND-PROD-2022-6-1-2,GBP,,,,,,,,,,,,, -   ,
Scope 3,Purchased Goods & Services,Therapeutic appliances and equipment        ,SPEND-PROD-2022-6-1-3,GBP,,,,,,,,,,,,, -   ,
Scope 3,Purchased Goods & Services,Medical services          ,SPEND-PROD-2022-6-2-1,GBP,,,,,,,,,,,,, -   ,
Scope 3,Purchased Goods & Services,Dental services          ,SPEND-PROD-2022-6-2-2,GBP,,,,,,,,,,,,, -   ,
Scope 3,Purchased Goods & Services,Paramedical services          ,SPEND-PROD-2022-6-2-3,GBP,,,,,,,,,,,,, -   ,
Scope 3,Purchased Goods & Services,Hospital services          ,SPEND-PROD-2022-6-3-1,GBP,,,,,,,,,,,,, -   ,
Scope 3,Purchased Goods & Services,Motor cars          ,SPEND-PROD-2022-7-1-1,GBP,,,,,,,,,,,,, -   ,
Scope 3,Purchased Goods & Services,Motor cycles          ,SPEND-PROD-2022-7-1-2,GBP,,,,,,,,,,,,, -   ,
Scope 3,Purchased Goods & Services,Bicycles           ,SPEND-PROD-2022-7-1-3,GBP,,,,,,,,,,,,, -   ,
Scope 3,Purchased Goods & Services,Animal drawn vehicles         ,SPEND-PROD-2022-7-1-4,GBP,,,,,,,,,,,,, -   ,
Scope 3,Purchased Goods & Services,Spare parts and accessories for personal transport equipment    ,SPEND-PROD-2022-7-2-1,GBP,,,,,,,,,,,,, -   ,
Scope 3,Purchased Goods & Services,Fuels and lubricants for personal transport equipment     ,SPEND-PROD-2022-7-2-2,GBP,,,,,,,,,,,,, -   ,
Scope 3,Purchased Goods & Services,Maintenance and repair of personal transport equipment     ,SPEND-PROD-2022-7-2-3,GBP,,,,,,,,,,,,, -   ,
Scope 3,Purchased Goods & Services,Other services in respect of personal transport equipment    ,SPEND-PROD-2022-7-2-4,GBP,,,,,,,,,,,,, -   ,
Scope 3,Purchased Goods & Services,Passenger transport by railway and road      ,SPEND-PROD-2022-7-3-1-2,GBP,,,,,,,,,,,,, -   ,
Scope 3,Purchased Goods & Services,Passenger transport by air        ,SPEND-PROD-2022-7-3-3,GBP,,,,,,,,,,,,, -   ,
Scope 3,Purchased Goods & Services,Other transport services         ,SPEND-PROD-2022-7-3-4,GBP,,,,,,,,,,,,, -   ,
Scope 3,Purchased Goods & Services,Postal services          ,SPEND-PROD-2022-8-1-1,GBP,,,,,,,,,,,,, -   ,
Scope 3,Purchased Goods & Services,Telephone and telefax equipment        ,SPEND-PROD-2022-8-2-1,GBP,,,,,,,,,,,,, -   ,
Scope 3,Purchased Goods & Services,Telephone and telefax services        ,SPEND-PROD-2022-8-3-1,GBP,,,,,,,,,,,,, -   ,
Scope 3,Purchased Goods & Services,"Equipment for the reception, recording and reproduction of sound and pictures ",SPEND-PROD-2022-9-1-1,GBP,,,,,,,,,,,,, -   ,
Scope 3,Purchased Goods & Services,Photographic and cenematographic equipment        ,SPEND-PROD-2022-9-1-2,GBP,,,,,,,,,,,,, -   ,
Scope 3,Purchased Goods & Services,Information processing equiment         ,SPEND-PROD-2022-9-1-3,GBP,,,,,,,,,,,,, -   ,
Scope 3,Purchased Goods & Services,Recording media          ,SPEND-PROD-2022-9-1-4,GBP,,,,,,,,,,,,, -   ,
Scope 3,Purchased Goods & Services,"Repair of audio-visual, photographic and information processing equipment    ",SPEND-PROD-2022-9-1-5,GBP,,,,,,,,,,,,, -   ,
Scope 3,Purchased Goods & Services,Major durables for outdoor recreation       ,SPEND-PROD-2022-9-2-1,GBP,,,,,,,,,,,,, -   ,
Scope 3,Purchased Goods & Services,Musical instruments and major durables for indoor recreation    ,SPEND-PROD-2022-9-2-2,GBP,,,,,,,,,,,,, -   ,
Scope 3,Purchased Goods & Services,Maintenance and repair of other durables for recreation and culture  ,SPEND-PROD-2022-9-2-3,GBP,,,,,,,,,,,,, -   ,
Scope 3,Purchased Goods & Services,"Games, toys and hobbies        ",SPEND-PROD-2022-9-3-1,GBP,,,,,,,,,,,,, -   ,
Scope 3,Purchased Goods & Services,"Equipment for sport, camping and open-air recreation     ",SPEND-PROD-2022-9-3-2,GBP,,,,,,,,,,,,, -   ,
Scope 3,Purchased Goods & Services,"Gardens, plants and flowers        ",SPEND-PROD-2022-9-3-3,GBP,,,,,,,,,,,,, -   ,
Scope 3,Purchased Goods & Services,Pets and related products        ,SPEND-PROD-2022-9-3-4,GBP,,,,,,,,,,,,, -   ,
Scope 3,Purchased Goods & Services,Veterinary and other services for pets      ,SPEND-PROD-2022-9-3-5,GBP,,,,,,,,,,,,, -   ,
Scope 3,Purchased Goods & Services,Recreational and sporting services        ,SPEND-PROD-2022-9-4-1,GBP,,,,,,,,,,,,, -   ,
Scope 3,Purchased Goods & Services,Cultural services          ,SPEND-PROD-2022-9-4-2,GBP,,,,,,,,,,,,, -   ,
Scope 3,Purchased Goods & Services,Games of chance         ,SPEND-PROD-2022-9-4-3,GBP,,,,,,,,,,,,, -   ,
Scope 3,Purchased Goods & Services,Books           ,SPEND-PROD-2022-9-5-1,GBP,,,,,,,,,,,,, -   ,
Scope 3,Purchased Goods & Services,Newspapers and periodicals         ,SPEND-PROD-2022-9-5-2,GBP,,,,,,,,,,,,, -   ,
Scope 3,Purchased Goods & Services,Miscellaneous printed matter         ,SPEND-PROD-2022-9-5-3,GBP,,,,,,,,,,,,, -   ,
Scope 3,Purchased Goods & Services,Stationery and drawing materials        ,SPEND-PROD-2022-9-5-4,GBP,,,,,,,,,,,,, -   ,
Scope 3,Purchased Goods & Services,Pre-primary and primary education        ,SPEND-PROD-2022-10-1-1,GBP,,,,,,,,,,,,, -   ,
Scope 3,Purchased Goods & Services,Secondary education          ,SPEND-PROD-2022-10-2-1,GBP,,,,,,,,,,,,, -   ,
Scope 3,Purchased Goods & Services,Post-secondary non-tertiary education         ,SPEND-PROD-2022-10-3-1,GBP,,,,,,,,,,,,, -   ,
Scope 3,Purchased Goods & Services,Tertiary education          ,SPEND-PROD-2022-10-4-1,GBP,,,,,,,,,,,,, -   ,
Scope 3,Purchased Goods & Services,Education not definable by level       ,SPEND-PROD-2022-10-5-1,GBP,,,,,,,,,,,,, -   ,
Scope 3,Purchased Goods & Services,"Restaurants, cafes and the like       ",SPEND-PROD-2022-11-1-1,GBP,,,,,,,,,,,,, -   ,
Scope 3,Purchased Goods & Services,Canteens           ,SPEND-PROD-2022-11-1-2,GBP,,,,,,,,,,,,, -   ,
Scope 3,Purchased Goods & Services,Accommodation services          ,SPEND-PROD-2022-11-2-1,GBP,,,,,,,,,,,,, -   ,
Scope 3,Purchased Goods & Services,Hairdressing salons and personal grooming establishments      ,SPEND-PROD-2022-12-1-1,GBP,,,,,,,,,,,,, -   ,
Scope 3,Purchased Goods & Services,Electrical appliances for personal care       ,SPEND-PROD-2022-12-1-2,GBP,,,,,,,,,,,,, -   ,
Scope 3,Purchased Goods & Services,"Other appliances, articles and products for personal care    ",SPEND-PROD-2022-12-1-3,GBP,,,,,,,,,,,,, -   ,
Scope 3,Purchased Goods & Services,"Jewellery, clocks and watches        ",SPEND-PROD-2022-12-3-1,GBP,,,,,,,,,,,,, -   ,
Scope 3,Purchased Goods & Services,Other personal effects         ,SPEND-PROD-2022-12-3-2,GBP,,,,,,,,,,,,, -   ,
Scope 3,Purchased Goods & Services,Social protection          ,SPEND-PROD-2022-12-4-1-1,GBP,,,,,,,,,,,,, -   ,
Scope 3,Purchased Goods & Services,Insurance           ,SPEND-PROD-2022-12-5,GBP,,,,,,,,,,,,, -   ,
Scope 3,Purchased Goods & Services,Other financial services n.e.c.        ,SPEND-PROD-2022-12-6-2,GBP,,,,,,,,,,,,, -   ,
Scope 3,Purchased Goods & Services,Other services n.e.c.         ,SPEND-PROD-2022-12-7-1,GBP,,,,,,,,,,,,, -   ,
Scope 3,Purchased Goods & Services,Non-profit instns serving households        ,SPEND-PROD-2022-13,GBP,,,,,,,,,,,,, -   ,
Scope 3,Purchased Goods & Services,Central           ,SPEND-PROD-2022-14,GBP,,,,,,,,,,,,, -   ,
Scope 3,Purchased Goods & Services,Local           ,SPEND-PROD-2022-15,GBP,,,,,,,,,,,,, -   ,
Scope 3,Purchased Goods & Services,Gross fixed          ,SPEND-PROD-2022-16,GBP,,,,,,,,,,,,, -   ,
Scope 3,Purchased Goods & Services,Valuables           ,SPEND-PROD-2022-17,GBP,,,,,,,,,,,,, -   ,
Scope 3,Purchased Goods & Services,Changes in inventories         ,SPEND-PROD-2022-18,GBP,,,,,,,,,,,,, -   ,
Scope 3,Capital Goods,"Fabricated metal products, excl. machinery and equipment",SPEND-SIC-2022-25OTHER,GBP,,,,,,,,,,,,, -   ,
Scope 3,Capital Goods,"Computer, electronic and optical products           ",SPEND-SIC-2022-26,GBP,,,,,,,,,,,,, -   ,
Scope 3,Capital Goods,Electrical equipment              ,SPEND-SIC-2022-27,GBP,,,,,,,,,,,,, -   ,
Scope 3,Capital Goods,Machinery and equipment n.e.c.            ,SPEND-SIC-2022-28,GBP,,,,,,,,,,,,, -   ,
Scope 3,Capital Goods,"Motor vehicles, trailers and semi-trailers           ",SPEND-SIC-2022-29,GBP,,,,,,,,,,,,, -   ,
Scope 3,Capital Goods,Ships and boats             ,SPEND-SIC-2022-30.1,GBP,,,,,,,,,,,,, -   ,
Scope 3,Capital Goods,Air and spacecraft and related machinery          ,SPEND-SIC-2022-30.3,GBP,,,,,,,,,,,,, -   ,
Scope 3,Capital Goods,Other transport equipment,SPEND-SIC-2022-30OTHER,GBP,,,,,,,,,,,,, -   ,
Scope 3,Capital Goods,Furniture               ,SPEND-SIC-2022-31,GBP,,,,,,,,,,,,, -   ,
Scope 3,Fuel & Energy Related Activities,Transmission & Distribution,13_402_4000_5_1,kWh,,,,,,,,,,,,, -   ,
Scope 3,Upstream Transportation & Distribution,"Land transport services and transport services via pipelines, excluding rail transport     ",SPEND-SIC-2022-49.3-5,GBP,,,,,,,,,,,,, -   ,
Scope 3,Upstream Transportation & Distribution,Vans Class I (up to 1.305 tonnes)  Diesel,27_303_3081_9_1,miles,,,,,,,,,,,,, -   ,
Scope 3,Upstream Transportation & Distribution,Vans Class I (up to 1.305 tonnes)  Petrol,27_303_3082_9_1,miles,,,,,,,,,,,,, -   ,
Scope 3,Upstream Transportation & Distribution,Vans Class I (up to 1.305 tonnes)  Battery Electric Vehicle,27_303_3087_9_1,miles,,,,,,,,,,,,, -   ,
Scope 3,Upstream Transportation & Distribution,Vans Class II (1.305 to 1.74 tonnes)  Diesel,27_303_3088_9_1,miles,,,,,,,,,,,,, -   ,
Scope 3,Upstream Transportation & Distribution,Vans Class II (1.305 to 1.74 tonnes)  Petrol,27_303_3089_9_1,miles,,,,,,,,,,,,, -   ,
Scope 3,Upstream Transportation & Distribution,Vans Class II (1.305 to 1.74 tonnes)  Battery Electric Vehicle,27_303_3094_9_1,miles,,,,,,,,,,,,, -   ,
Scope 3,Upstream Transportation & Distribution,Vans Class III (1.74 to 3.5 tonnes)  Diesel,27_303_3095_9_1,miles,,,,,,,,,,,,, -   ,
Scope 3,Upstream Transportation & Distribution,Vans Class III (1.74 to 3.5 tonnes)  Petrol,27_303_3096_9_1,miles,,,,,,,,,,,,, -   ,
Scope 3,Upstream Transportation & Distribution,Vans Class III (1.74 to 3.5 tonnes)  Plug-in Hybrid Electric Vehicle,27_303_3100_9_1,miles,,,,,,,,,,,,, -   ,
Scope 3,Upstream Transportation & Distribution,Vans Class III (1.74 to 3.5 tonnes)  Battery Electric Vehicle,27_303_3101_9_1,miles,,,,,,,,,,,,, -   ,
Scope 3,Upstream Transportation & Distribution,Vans Average (up to 3.5 tonnes)  Diesel,27_303_3102_9_1,miles,,,,,,,,,,,,, -   ,
Scope 3,Upstream Transportation & Distribution,Vans Average (up to 3.5 tonnes)  Petrol,27_303_3103_9_1,miles,,,,,,,,,,,,, -   ,
Scope 3,Upstream Transportation & Distribution,Vans Average (up to 3.5 tonnes)  CNG,27_303_3104_9_1,miles,,,,,,,,,,,,, -   ,
Scope 3,Upstream Transportation & Distribution,Vans Average (up to 3.5 tonnes)  LPG,27_303_3105_9_1,miles,,,,,,,,,,,,, -   ,
Scope 3,Upstream Transportation & Distribution,Vans Average (up to 3.5 tonnes)  Unknown,27_303_3106_9_1,miles,,,,,,,,,,,,, -   ,
Scope 3,Upstream Transportation & Distribution,Vans Average (up to 3.5 tonnes)  Plug-in Hybrid Electric Vehicle,27_303_3107_9_1,miles,,,,,,,,,,,,, -   ,
Scope 3,Upstream Transportation & Distribution,Vans Average (up to 3.5 tonnes)  Battery Electric Vehicle,27_303_3108_9_1,miles,,,,,,,,,,,,, -   ,
Scope 3,Upstream Transportation & Distribution,HGV (all diesel) Rigid (>3.5 - 7.5 tonnes)  Average laden,27_304_3112_9_1,miles,,,,,,,,,,,,, -   ,
Scope 3,Upstream Transportation & Distribution,HGV (all diesel) Rigid (>7.5 tonnes-17 tonnes)  Average laden,27_304_3116_9_1,miles,,,,,,,,,,,,, -   ,
Scope 3,Upstream Transportation & Distribution,HGV (all diesel) Rigid (>17 tonnes)  Average laden,27_304_3120_9_1,miles,,,,,,,,,,,,, -   ,
Scope 3,Upstream Transportation & Distribution,HGV (all diesel) All rigids  Average laden,27_304_3124_9_1,miles,,,,,,,,,,,,, -   ,
Scope 3,Upstream Transportation & Distribution,HGV (all diesel) Articulated (>3.5 - 33t)  Average laden,27_304_3128_9_1,miles,,,,,,,,,,,,, -   ,
Scope 3,Upstream Transportation & Distribution,HGV (all diesel) Articulated (>33t)  Average laden,27_304_3132_9_1,miles,,,,,,,,,,,,, -   ,
Scope 3,Upstream Transportation & Distribution,HGV (all diesel) All artics  Average laden,27_304_3136_9_1,miles,,,,,,,,,,,,, -   ,
Scope 3,Upstream Transportation & Distribution,HGV (all diesel) All HGVs  Average laden,27_304_3140_9_1,miles,,,,,,,,,,,,, -   ,
Scope 3,Upstream Transportation & Distribution,HGV refrigerated (all diesel) Rigid (>3.5 - 7.5 tonnes)  Average laden,27_306_3112_9_1,miles,,,,,,,,,,,,, -   ,
Scope 3,Upstream Transportation & Distribution,HGV refrigerated (all diesel) Rigid (>7.5 tonnes-17 tonnes)  Average laden,27_306_3116_9_1,miles,,,,,,,,,,,,, -   ,
Scope 3,Upstream Transportation & Distribution,HGV refrigerated (all diesel) Rigid (>17 tonnes)  Average laden,27_306_3120_9_1,miles,,,,,,,,,,,,, -   ,
Scope 3,Upstream Transportation & Distribution,HGV refrigerated (all diesel) All rigids  Average laden,27_306_3124_9_1,miles,,,,,,,,,,,,, -   ,
Scope 3,Upstream Transportation & Distribution,HGV refrigerated (all diesel) Articulated (>3.5 - 33t)  Average laden,27_306_3128_9_1,miles,,,,,,,,,,,,, -   ,
Scope 3,Upstream Transportation & Distribution,HGV refrigerated (all diesel) Articulated (>33t)  Average laden,27_306_3132_9_1,miles,,,,,,,,,,,,, -   ,
Scope 3,Upstream Transportation & Distribution,HGV refrigerated (all diesel) All artics  Average laden,27_306_3136_9_1,miles,,,,,,,,,,,,, -   ,
Scope 3,Upstream Transportation & Distribution,HGV refrigerated (all diesel) All HGVs  Average laden,27_306_3140_9_1,miles,,,,,,,,,,,,, -   ,
Scope 3,Waste Generated in Operations,Waste Disposal Average Construction,20_500_5173_15_1,kg,,,,,,,,,,,,, -   ,
Scope 3,Waste Generated in Operations,Waste Disposal Household,20_507_5285_15_1,kg,,,,,,,,,,,,, -   ,
Scope 3,Waste Generated in Operations,Waste Disposal Commercial & Industrial,20_507_5313_15_1,kg,,,,,,,,,,,,, -   ,
Scope 3,Waste Generated in Operations,Waste Disposal WEEE Mixed,20_503_5334_15_1,kg,,,,,,,,,,,,, -   ,
Scope 3,Waste Generated in Operations,Waste Disposal Scrap Metal,20_504_5369_15_1,kg,,,,,,,,,,,,, -   ,
Scope 3,Waste Generated in Operations,Waste Disposal Average Plastics,20_505_5383_15_1,kg,,,,,,,,,,,,, -   ,
Scope 3,Waste Generated in Operations,Waste Disposal Paper & Board Mixed,20_506_5453_15_1,kg,,,,,,,,,,,,, -   ,
Scope 3,Waste Generated in Operations,Water Treatment           ,18_405_4006_1_1,m3,,,,,,,,,,,,, -   ,
Scope 3,Business Travel,Cars Small car Diesel,25_301_3045_9_1,miles,,,,,,,,,,,,, -   ,
Scope 3,Business Travel,Cars Small car Petrol,25_301_3046_9_1,miles,,,,,,,,,,,,, -   ,
Scope 3,Business Travel,Cars Small car Unknown,25_301_3050_9_1,miles,,,,,,,,,,,,, -   ,
Scope 3,Business Travel,Cars Small car Plug-in Hybrid Electric Vehicle,25_301_3051_9_1,miles,,,,,,,,,,,,, -   ,
Scope 3,Business Travel,Cars Small car Battery Electric Vehicle,25_301_3052_9_1,miles,,,,,,,,,,,,, -   ,
Scope 3,Business Travel,Cars Medium car Diesel,25_301_3053_9_1,miles,,,,,,,,,,,,, -   ,
Scope 3,Business Travel,Cars Medium car Petrol,25_301_3054_9_1,miles,,,,,,,,,,,,, -   ,
Scope 3,Business Travel,Cars Medium car Unknown,25_301_3058_9_1,miles,,,,,,,,,,,,, -   ,
Scope 3,Business Travel,Cars Medium car Plug-in Hybrid Electric Vehicle,25_301_3059_9_1,miles,,,,,,,,,,,,, -   ,
Scope 3,Business Travel,Cars Medium car Battery Electric Vehicle,25_301_3060_9_1,miles,,,,,,,,,,,,, -   ,
Scope 3,Business Travel,Cars Large car Diesel,25_301_3061_9_1,miles,,,,,,,,,,,,, -   ,
Scope 3,Business Travel,Cars Large car Petrol,25_301_3062_9_1,miles,,,,,,,,,,,,, -   ,
Scope 3,Business Travel,Cars Large car Unknown,25_301_3066_9_1,miles,,,,,,,,,,,,, -   ,
Scope 3,Business Travel,Cars Large car Plug-in Hybrid Electric Vehicle,25_301_3067_9_1,miles,,,,,,,,,,,,, -   ,
Scope 3,Business Travel,Cars Large car Battery Electric Vehicle,25_301_3068_9_1,miles,,,,,,,,,,,,, -   ,
Scope 3,Business Travel,Cars Average car Diesel,25_301_3069_9_1,miles,,,,,,,,,,,,, -   ,
Scope 3,Business Travel,Cars Average car Petrol,25_301_3070_9_1,miles,,,,,,,,,,,,, -   ,
Scope 3,Business Travel,Cars Average car Unknown,25_301_3074_9_1,miles,,,,,,,,,,,,, -   ,
Scope 3,Business Travel,Cars Average car Plug-in Hybrid Electric Vehicle,25_301_3075_9_1,miles,,,,,,,,,,,,, -   ,
Scope 3,Business Travel,Cars Average car Battery Electric Vehicle,25_301_3076_9_1,miles,,,,,,,,,,,,, -   ,
Scope 3,Business Travel,Motorbike Small ,25_302_3077_9_1,miles,,,,,,,,,,,,, -   ,
Scope 3,Business Travel,Motorbike Medium ,25_302_3078_9_1,miles,,,,,,,,,,,,, -   ,
Scope 3,Business Travel,Motorbike Large ,25_302_3079_9_1,miles,,,,,,,,,,,,, -   ,
Scope 3,Business Travel,Motorbike Average ,25_302_3080_9_1,miles,,,,,,,,,,,,, -   ,
Scope 3,Business Travel,Rail National rail ,25_315_3147_11_1,km,,,,,,,,,,,,, -   ,
Scope 3,Business Travel,Rail International rail ,25_315_3148_11_1,km,,,,,,,,,,,,, -   ,
Scope 3,Business Travel,Rail Light rail and tram ,25_315_3149_11_1,km,,,,,,,,,,,,, -   ,
Scope 3,Business Travel,Rail London Underground ,25_315_3150_11_1,km,,,,,,,,,,,,, -   ,
Scope 3,Business Travel,"Flights Domestic, to/from UK Average passenger",21_316_3161_11_1,km,,,,,,,,,,,,, -   ,
Scope 3,Business Travel,"Flights Short-haul, to/from UK Economy class",21_316_3165_11_1,km,,,,,,,,,,,,, -   ,
Scope 3,Business Travel,"Flights Short-haul, to/from UK Business class",21_316_3167_11_1,km,,,,,,,,,,,,, -   ,
Scope 3,Business Travel,"Flights Long-haul, to/from UK Average passenger",21_316_3169_11_1,km,,,,,,,,,,,,, -   ,
Scope 3,Business Travel,"Flights Long-haul, to/from UK Economy class",21_316_3171_11_1,km,,,,,,,,,,,,, -   ,
Scope 3,Business Travel,"Flights Long-haul, to/from UK Premium economy class",21_316_3173_11_1,km,,,,,,,,,,,,, -   ,
Scope 3,Business Travel,"Flights Long-haul, to/from UK Business class",21_316_3175_11_1,km,,,,,,,,,,,,, -   ,
Scope 3,Business Travel,"Flights Long-haul, to/from UK First class",21_316_3177_11_1,km,,,,,,,,,,,,, -   ,
Scope 3,Business Travel,"Flights International, to/from non-UK Average passenger",21_316_3179_11_1,km,,,,,,,,,,,,, -   ,
Scope 3,Business Travel,"Flights International, to/from non-UK Economy class",21_316_3181_11_1,km,,,,,,,,,,,,, -   ,
Scope 3,Business Travel,"Flights International, to/from non-UK Premium economy class",21_316_3183_11_1,km,,,,,,,,,,,,, -   ,
Scope 3,Business Travel,"Flights International, to/from non-UK Business class",21_316_3185_11_1,km,,,,,,,,,,,,, -   ,
Scope 3,Business Travel,"Flights International, to/from non-UK First class",21_316_3187_11_1,km,,,,,,,,,,,,, -   ,
Scope 3,Business Travel,Ferry Foot passenger ,23_318_3188_11_1,passenger.km,,,,,,,,,,,,, -   ,
Scope 3,Business Travel,Ferry Car passenger ,23_318_3189_11_1,passenger.km,,,,,,,,,,,,, -   ,
Scope 3,Business Travel,Ferry Average (all passenger) ,23_318_3190_11_1,passenger.km,,,,,,,,,,,,, -   ,
Scope 3,Business Travel,Hotel stay UK ,29_600_4000_13_1,Night,,,,,,,,,,,,, -   ,
Scope 3,Business Travel,Hotel stay UK (London) ,29_600_4001_13_1,Night,,,,,,,,,,,,, -   ,
Scope 3,Business Travel,Hotel stay Australia ,29_600_4003_13_1,Night,,,,,,,,,,,,, -   ,
Scope 3,Business Travel,Hotel stay Belgium ,29_600_4005_13_1,Night,,,,,,,,,,,,, -   ,
Scope 3,Business Travel,Hotel stay Brazil ,29_600_4006_13_1,Night,,,,,,,,,,,,, -   ,
Scope 3,Business Travel,Hotel stay Canada ,29_600_4007_13_1,Night,,,,,,,,,,,,, -   ,
Scope 3,Business Travel,Hotel stay Chile ,29_600_4008_13_1,Night,,,,,,,,,,,,, -   ,
Scope 3,Business Travel,Hotel stay China ,29_600_4009_13_1,Night,,,,,,,,,,,,, -   ,
Scope 3,Business Travel,Hotel stay Colombia ,29_600_4010_13_1,Night,,,,,,,,,,,,, -   ,
Scope 3,Business Travel,Hotel stay Costa Rica ,29_600_4011_13_1,Night,,,,,,,,,,,,, -   ,
Scope 3,Business Travel,Hotel stay Egypt ,29_600_4013_13_1,Night,,,,,,,,,,,,, -   ,
Scope 3,Business Travel,Hotel stay France ,29_600_4016_13_1,Night,,,,,,,,,,,,, -   ,
Scope 3,Business Travel,Hotel stay Germany ,29_600_4017_13_1,Night,,,,,,,,,,,,, -   ,
Scope 3,Business Travel,"Hotel stay Hong Kong, China ",29_600_4019_13_1,Night,,,,,,,,,,,,, -   ,
Scope 3,Business Travel,Hotel stay India ,29_600_4020_13_1,Night,,,,,,,,,,,,, -   ,
Scope 3,Business Travel,Hotel stay Indonesia ,29_600_4021_13_1,Night,,,,,,,,,,,,, -   ,
Scope 3,Business Travel,Hotel stay Italy ,29_600_4024_13_1,Night,,,,,,,,,,,,, -   ,
Scope 3,Business Travel,Hotel stay Japan ,29_600_4025_13_1,Night,,,,,,,,,,,,, -   ,
Scope 3,Business Travel,Hotel stay Jordan ,29_600_4026_13_1,Night,,,,,,,,,,,,, -   ,
Scope 3,Business Travel,Hotel stay Korea ,29_600_4028_13_1,Night,,,,,,,,,,,,, -   ,
Scope 3,Business Travel,Hotel stay Malaysia ,29_600_4030_13_1,Night,,,,,,,,,,,,, -   ,
Scope 3,Business Travel,Hotel stay Maldives ,29_600_4031_13_1,Night,,,,,,,,,,,,, -   ,
Scope 3,Business Travel,Hotel stay Mexico ,29_600_4032_13_1,Night,,,,,,,,,,,,, -   ,
Scope 3,Business Travel,Hotel stay Netherlands ,29_600_4033_13_1,Night,,,,,,,,,,,,, -   ,
Scope 3,Business Travel,Hotel stay Oman ,29_600_4035_13_1,Night,,,,,,,,,,,,, -   ,
Scope 3,Business Travel,Hotel stay Philippines ,29_600_4038_13_1,Night,,,,,,,,,,,,, -   ,
Scope 3,Business Travel,Hotel stay Portugal ,29_600_4040_13_1,Night,,,,,,,,,,,,, -   ,
Scope 3,Business Travel,Hotel stay Qatar ,29_600_4041_13_1,Night,,,,,,,,,,,,, -   ,
Scope 3,Business Travel,Hotel stay Russian Federation ,29_600_4043_13_1,Night,,,,,,,,,,,,, -   ,
Scope 3,Business Travel,Hotel stay Saudi Arabia ,29_600_4044_13_1,Night,,,,,,,,,,,,, -   ,
Scope 3,Business Travel,Hotel stay Singapore ,29_600_4045_13_1,Night,,,,,,,,,,,,, -   ,
Scope 3,Business Travel,Hotel stay South Africa ,29_600_4046_13_1,Night,,,,,,,,,,,,, -   ,
Scope 3,Business Travel,Hotel stay Spain ,29_600_4047_13_1,Night,,,,,,,,,,,,, -   ,
Scope 3,Business Travel,Hotel stay Switzerland ,29_600_4048_13_1,Night,,,,,,,,,,,,, -   ,
Scope 3,Business Travel,Hotel stay Thailand ,29_600_4050_13_1,Night,,,,,,,,,,,,, -   ,
Scope 3,Business Travel,Hotel stay Turkey ,29_600_4051_13_1,Night,,,,,,,,,,,,, -   ,
Scope 3,Business Travel,Hotel stay United Arab Emirates ,29_600_4052_13_1,Night,,,,,,,,,,,,, -   ,
Scope 3,Business Travel,Hotel stay United States ,29_600_4053_13_1,Night,,,,,,,,,,,,, -   ,
Scope 3,Business Travel,Hotel stay Vietnam ,29_600_4054_13_1,Night,,,,,,,,,,,,, -   ,
Scope 3,Employee Commuting,Cars Small car Diesel,25_301_3045_9_1,miles,,,,,,,,,,,,, -   ,
Scope 3,Employee Commuting,Cars Small car Petrol,25_301_3046_9_1,miles,,,,,,,,,,,,, -   ,
Scope 3,Employee Commuting,Cars Small car Unknown,25_301_3050_9_1,miles,,,,,,,,,,,,, -   ,
Scope 3,Employee Commuting,Cars Small car Plug-in Hybrid Electric Vehicle,25_301_3051_9_1,miles,,,,,,,,,,,,, -   ,
Scope 3,Employee Commuting,Cars Small car Battery Electric Vehicle,25_301_3052_9_1,miles,,,,,,,,,,,,, -   ,
Scope 3,Employee Commuting,Cars Medium car Diesel,25_301_3053_9_1,miles,,,,,,,,,,,,, -   ,
Scope 3,Employee Commuting,Cars Medium car Petrol,25_301_3054_9_1,miles,,,,,,,,,,,,, -   ,
Scope 3,Employee Commuting,Cars Medium car Unknown,25_301_3058_9_1,miles,,,,,,,,,,,,, -   ,
Scope 3,Employee Commuting,Cars Medium car Plug-in Hybrid Electric Vehicle,25_301_3059_9_1,miles,,,,,,,,,,,,, -   ,
Scope 3,Employee Commuting,Cars Medium car Battery Electric Vehicle,25_301_3060_9_1,miles,,,,,,,,,,,,, -   ,
Scope 3,Employee Commuting,Cars Large car Diesel,25_301_3061_9_1,miles,,,,,,,,,,,,, -   ,
Scope 3,Employee Commuting,Cars Large car Petrol,25_301_3062_9_1,miles,,,,,,,,,,,,, -   ,
Scope 3,Employee Commuting,Cars Large car Unknown,25_301_3066_9_1,miles,,,,,,,,,,,,, -   ,
Scope 3,Employee Commuting,Cars Large car Plug-in Hybrid Electric Vehicle,25_301_3067_9_1,miles,,,,,,,,,,,,, -   ,
Scope 3,Employee Commuting,Cars Large car Battery Electric Vehicle,25_301_3068_9_1,miles,,,,,,,,,,,,, -   ,
Scope 3,Employee Commuting,Cars Average car Diesel,25_301_3069_9_1,miles,,,,,,,,,,,,, -   ,
Scope 3,Employee Commuting,Cars Average car Petrol,25_301_3070_9_1,miles,,,,,,,,,,,,, -   ,
Scope 3,Employee Commuting,Cars Average car Unknown,25_301_3074_9_1,miles,,,,,,,,,,,,, -   ,
Scope 3,Employee Commuting,Cars Average car Plug-in Hybrid Electric Vehicle,25_301_3075_9_1,miles,,,,,,,,,,,,, -   ,
Scope 3,Employee Commuting,Cars Average car Battery Electric Vehicle,25_301_3076_9_1,miles,,,,,,,,,,,,, -   ,
Scope 3,Employee Commuting,Motorbike Small ,25_302_3077_9_1,miles,,,,,,,,,,,,, -   ,
Scope 3,Employee Commuting,Motorbike Medium ,25_302_3078_9_1,miles,,,,,,,,,,,,, -   ,
Scope 3,Employee Commuting,Motorbike Large ,25_302_3079_9_1,miles,,,,,,,,,,,,, -   ,
Scope 3,Employee Commuting,Motorbike Average ,25_302_3080_9_1,miles,,,,,,,,,,,,, -   ,
Scope 3,Employee Commuting,Rail National rail ,25_315_3147_11_1,km,,,,,,,,,,,,, -   ,
Scope 3,Employee Commuting,Rail International rail ,25_315_3148_11_1,km,,,,,,,,,,,,, -   ,
Scope 3,Employee Commuting,Rail Light rail and tram ,25_315_3149_11_1,km,,,,,,,,,,,,, -   ,
Scope 3,Employee Commuting,Rail London Underground ,25_315_3150_11_1,km,,,,,,,,,,,,, -   ,
Scope 3,Employee Commuting,"Flights Domestic, to/from UK Average passenger",21_316_3161_11_1,km,,,,,,,,,,,,, -   ,
Scope 3,Employee Commuting,"Flights Short-haul, to/from UK Economy class",21_316_3165_11_1,km,,,,,,,,,,,,, -   ,
Scope 3,Employee Commuting,"Flights Short-haul, to/from UK Business class",21_316_3167_11_1,km,,,,,,,,,,,,, -   ,
Scope 3,Employee Commuting,"Flights Long-haul, to/from UK Average passenger",21_316_3169_11_1,km,,,,,,,,,,,,, -   ,
Scope 3,Employee Commuting,"Flights Long-haul, to/from UK Economy class",21_316_3171_11_1,km,,,,,,,,,,,,, -   ,
Scope 3,Employee Commuting,"Flights Long-haul, to/from UK Premium economy class",21_316_3173_11_1,km,,,,,,,,,,,,, -   ,
Scope 3,Employee Commuting,"Flights Long-haul, to/from UK Business class",21_316_3175_11_1,km,,,,,,,,,,,,, -   ,
Scope 3,Employee Commuting,"Flights Long-haul, to/from UK First class",21_316_3177_11_1,km,,,,,,,,,,,,, -   ,
Scope 3,Employee Commuting,"Flights International, to/from non-UK Average passenger",21_316_3179_11_1,km,,,,,,,,,,,,, -   ,
Scope 3,Employee Commuting,"Flights International, to/from non-UK Economy class",21_316_3181_11_1,km,,,,,,,,,,,,, -   ,
Scope 3,Employee Commuting,"Flights International, to/from non-UK Premium economy class",21_316_3183_11_1,km,,,,,,,,,,,,, -   ,
Scope 3,Employee Commuting,"Flights International, to/from non-UK Business class",21_316_3185_11_1,km,,,,,,,,,,,,, -   ,
Scope 3,Employee Commuting,"Flights International, to/from non-UK First class",21_316_3187_11_1,km,,,,,,,,,,,,, -   ,
Scope 3,Employee Commuting,Ferry Foot passenger ,23_318_3188_11_1,passenger.km,,,,,,,,,,,,, -   ,
Scope 3,Employee Commuting,Ferry Car passenger ,23_318_3189_11_1,passenger.km,,,,,,,,,,,,, -   ,
Scope 3,Employee Commuting,Ferry Average (all passenger) ,23_318_3190_11_1,passenger.km,,,,,,,,,,,,, -   ,
Scope 3,Upstream Leased Assets,Rental and leasing services            ,SPEND-SIC-2022-77,GBP,,,,,,,,,,,,, -   ,
Scope 3,Downstream Transportation & Distribution,"Land transport services and transport services via pipelines, excluding rail transport       ",SPEND-SIC-2022-49.3-5,GBP,,,,,,,,,,,,, -   ,
Scope 3,Downstream Transportation & Distribution,Vans Class I (up to 1.305 tonnes)  Diesel,27_303_3081_9_1,miles,,,,,,,,,,,,, -   ,
Scope 3,Downstream Transportation & Distribution,Vans Class I (up to 1.305 tonnes)  Petrol,27_303_3082_9_1,miles,,,,,,,,,,,,, -   ,
Scope 3,Downstream Transportation & Distribution,Vans Class I (up to 1.305 tonnes)  Battery Electric Vehicle,27_303_3087_9_1,miles,,,,,,,,,,,,, -   ,
Scope 3,Downstream Transportation & Distribution,Vans Class II (1.305 to 1.74 tonnes)  Diesel,27_303_3088_9_1,miles,,,,,,,,,,,,, -   ,
Scope 3,Downstream Transportation & Distribution,Vans Class II (1.305 to 1.74 tonnes)  Petrol,27_303_3089_9_1,miles,,,,,,,,,,,,, -   ,
Scope 3,Downstream Transportation & Distribution,Vans Class II (1.305 to 1.74 tonnes)  Battery Electric Vehicle,27_303_3094_9_1,miles,,,,,,,,,,,,, -   ,
Scope 3,Downstream Transportation & Distribution,Vans Class III (1.74 to 3.5 tonnes)  Diesel,27_303_3095_9_1,miles,,,,,,,,,,,,, -   ,
Scope 3,Downstream Transportation & Distribution,Vans Class III (1.74 to 3.5 tonnes)  Petrol,27_303_3096_9_1,miles,,,,,,,,,,,,, -   ,
Scope 3,Downstream Transportation & Distribution,Vans Class III (1.74 to 3.5 tonnes)  Plug-in Hybrid Electric Vehicle,27_303_3100_9_1,miles,,,,,,,,,,,,, -   ,
Scope 3,Downstream Transportation & Distribution,Vans Class III (1.74 to 3.5 tonnes)  Battery Electric Vehicle,27_303_3101_9_1,miles,,,,,,,,,,,,, -   ,
Scope 3,Downstream Transportation & Distribution,Vans Average (up to 3.5 tonnes)  Diesel,27_303_3102_9_1,miles,,,,,,,,,,,,, -   ,
Scope 3,Downstream Transportation & Distribution,Vans Average (up to 3.5 tonnes)  Petrol,27_303_3103_9_1,miles,,,,,,,,,,,,, -   ,
Scope 3,Downstream Transportation & Distribution,Vans Average (up to 3.5 tonnes)  CNG,27_303_3104_9_1,miles,,,,,,,,,,,,, -   ,
Scope 3,Downstream Transportation & Distribution,Vans Average (up to 3.5 tonnes)  LPG,27_303_3105_9_1,miles,,,,,,,,,,,,, -   ,
Scope 3,Downstream Transportation & Distribution,Vans Average (up to 3.5 tonnes)  Unknown,27_303_3106_9_1,miles,,,,,,,,,,,,, -   ,
Scope 3,Downstream Transportation & Distribution,Vans Average (up to 3.5 tonnes)  Plug-in Hybrid Electric Vehicle,27_303_3107_9_1,miles,,,,,,,,,,,,, -   ,
Scope 3,Downstream Transportation & Distribution,Vans Average (up to 3.5 tonnes)  Battery Electric Vehicle,27_303_3108_9_1,miles,,,,,,,,,,,,, -   ,
Scope 3,Downstream Transportation & Distribution,HGV (all diesel) Rigid (>3.5 - 7.5 tonnes)  Average laden,27_304_3112_9_1,miles,,,,,,,,,,,,, -   ,
Scope 3,Downstream Transportation & Distribution,HGV (all diesel) Rigid (>7.5 tonnes-17 tonnes)  Average laden,27_304_3116_9_1,miles,,,,,,,,,,,,, -   ,
Scope 3,Downstream Transportation & Distribution,HGV (all diesel) Rigid (>17 tonnes)  Average laden,27_304_3120_9_1,miles,,,,,,,,,,,,, -   ,
Scope 3,Downstream Transportation & Distribution,HGV (all diesel) All rigids  Average laden,27_304_3124_9_1,miles,,,,,,,,,,,,, -   ,
Scope 3,Downstream Transportation & Distribution,HGV (all diesel) Articulated (>3.5 - 33t)  Average laden,27_304_3128_9_1,miles,,,,,,,,,,,,, -   ,
Scope 3,Downstream Transportation & Distribution,HGV (all diesel) Articulated (>33t)  Average laden,27_304_3132_9_1,miles,,,,,,,,,,,,, -   ,
Scope 3,Downstream Transportation & Distribution,HGV (all diesel) All artics  Average laden,27_304_3136_9_1,miles,,,,,,,,,,,,, -   ,
Scope 3,Downstream Transportation & Distribution,HGV (all diesel) All HGVs  Average laden,27_304_3140_9_1,miles,,,,,,,,,,,,, -   ,
Scope 3,Downstream Transportation & Distribution,HGV refrigerated (all diesel) Rigid (>3.5 - 7.5 tonnes)  Average laden,27_306_3112_9_1,miles,,,,,,,,,,,,, -   ,
Scope 3,Downstream Transportation & Distribution,HGV refrigerated (all diesel) Rigid (>7.5 tonnes-17 tonnes)  Average laden,27_306_3116_9_1,miles,,,,,,,,,,,,, -   ,
Scope 3,Downstream Transportation & Distribution,HGV refrigerated (all diesel) Rigid (>17 tonnes)  Average laden,27_306_3120_9_1,miles,,,,,,,,,,,,, -   ,
Scope 3,Downstream Transportation & Distribution,HGV refrigerated (all diesel) All rigids  Average laden,27_306_3124_9_1,miles,,,,,,,,,,,,, -   ,
Scope 3,Downstream Transportation & Distribution,HGV refrigerated (all diesel) Articulated (>3.5 - 33t)  Average laden,27_306_3128_9_1,miles,,,,,,,,,,,,, -   ,
Scope 3,Downstream Transportation & Distribution,HGV refrigerated (all diesel) Articulated (>33t)  Average laden,27_306_3132_9_1,miles,,,,,,,,,,,,, -   ,
Scope 3,Downstream Transportation & Distribution,HGV refrigerated (all diesel) All artics  Average laden,27_306_3136_9_1,miles,,,,,,,,,,,,, -   ,
Scope 3,Downstream Transportation & Distribution,HGV refrigerated (all diesel) All HGVs  Average laden,27_306_3140_9_1,miles,,,,,,,,,,,,, -   ,
Scope 3,Downstream Leased Assets,Rental and leasing services            ,SPEND-SIC-2022-77,GBP,,,,,,,,,,,,, -   ,
Scope 3,Investments,Pensions,SPEND-SIC-2022-65.1-2,GBP,,,,,,,,,,,,, -   ,
